old_url,lang,title,file
https://innotek.uz/,ru,Купить стеллажи в Ташкенте | Innotek,content\index.md
https://innotek.uz/%d0%b2%d1%8a%d0%b5%d0%b7%d0%b4%d0%bd%d1%8b%d0%b5-%d0%bd%d0%b0%d0%b1%d0%b8%d0%b2%d0%bd%d1%8b%d0%b5/,ru,"Въездные набивные стеллажи в Ташкенте, Узбекистане — складские системы Innotek",content\въездные-набивные.md
https://innotek.uz/%d0%ba%d0%b0%d0%b1%d0%b5%d0%bb%d1%8c%d0%bd%d1%8b%d0%b5-%d1%81%d1%82%d0%b5%d0%bb%d0%bb%d0%b0%d0%b6%d0%b8/,ru,"Кабельные стеллажи в Ташкенте, Узбекистане — системы хранения Innotek",content\кабельные-стеллажи.md
https://innotek.uz/%d0%ba%d0%be%d0%bd%d0%b2%d0%b5%d0%b9%d0%b5%d1%80%d0%bd%d1%8b%d0%b5-%d0%bb%d0%b8%d0%bd%d0%b8%d0%b8/,ru,Купить конвейерные линии в Ташкенте и Узбекистане | Innotek,content\конвейерные-линии.md
https://innotek.uz/%d0%ba%d0%be%d0%bd%d1%81%d0%be%d0%bb%d1%8c%d0%bd%d1%8b%d0%b5/,ru,"Консольные стеллажи в Ташкенте, Узбекистане — складские системы Innotek",content\консольные.md
https://innotek.uz/%d0%bb%d0%b5%d0%bd%d1%82%d0%be%d1%87%d0%bd%d1%8b%d0%b5-%d0%ba%d0%be%d0%bd%d0%b2%d0%b5%d0%b9%d0%b5%d1%80%d1%8b/,ru,Купить ленточные конвейеры в Ташкенте и Узбекистане | Innotek,content\ленточные-конвейеры.md
https://innotek.uz/%d0%bc%d0%b5%d0%b1%d0%b5%d0%bb%d1%8c-%d0%b4%d0%bb%d1%8f-%d0%bf%d1%80%d0%be%d0%b8%d0%b7%d0%b2%d0%be%d0%b4%d1%81%d1%82%d0%b2%d0%b0/,ru,Купить мебель для производства в Ташкенте и Узбекистане | Innotek,content\мебель-для-производства.md
https://innotek.uz/%d0%bc%d0%b5%d0%b1%d0%b5%d0%bb%d1%8c-%d0%b4%d0%bb%d1%8f-%d1%80%d0%b0%d0%b7%d0%b4%d0%b5%d0%b2%d0%b0%d0%bb%d0%be%d0%ba/,ru,Купить мебель для раздевалок в Ташкенте и Узбекистане | Innotek,content\мебель-для-раздевалок.md
https://innotek.uz/%d0%bc%d0%b5%d0%b7%d0%be%d0%bd%d0%b8%d0%bd%d0%bd%d1%8b%d0%b5/,ru,"Мезонинные стеллажи в Ташкенте, Узбекистане — многоуровневые системы Innotek",content\мезонинные.md
https://innotek.uz/%d0%bc%d0%b5%d1%82%d0%b0%d0%bb%d0%bb%d0%b8%d1%87%d0%b5%d1%81%d0%ba%d0%b0%d1%8f-%d0%bc%d0%b5%d0%b1%d0%b5%d0%bb%d1%8c/,ru,Купить металлическую мебель в Ташкенте и Узбекистане | Innotek,content\металлическая-мебель.md
https://innotek.uz/%d0%be%d0%b1%d0%be%d1%80%d1%83%d0%b4%d0%be%d0%b2%d0%b0%d0%bd%d0%b8%d0%b5-%d0%b8-%d0%bc%d0%b5%d1%82%d0%b0%d0%bb%d0%bb%d0%be%d0%ba%d0%be%d0%bd%d1%81%d1%82%d1%80%d1%83%d0%ba%d1%86%d0%b8%d0%b8-2/,ru,Купить оборудование и металлоконструкции в Ташкенте и Узбекистане | Innotek,content\оборудование-и-металлоконструкции-2.md
https://innotek.uz/%d0%be%d0%b1%d0%be%d1%80%d1%83%d0%b4%d0%be%d0%b2%d0%b0%d0%bd%d0%b8%d0%b5-%d0%b8-%d0%bc%d0%b5%d1%82%d0%b0%d0%bb%d0%bb%d0%be%d0%ba%d0%be%d0%bd%d1%81%d1%82%d1%80%d1%83%d0%ba%d1%86%d0%b8%d0%b8/,ru,Оборудование и металлоконструкции - INNOTEK,content\оборудование-и-металлоконструкции.md
https://innotek.uz/%d0%be%d1%81%d1%82%d1%80%d0%be%d0%b2%d0%bd%d1%8b%d0%b5-%d1%81%d1%82%d0%b5%d0%bb%d0%bb%d0%b0%d0%b6%d0%b8/,ru,Купить островные стеллажи в Ташкенте и Узбекистане | Innotek,content\островные-стеллажи.md
https://innotek.uz/%d0%be%d1%84%d0%b8%d1%81%d0%bd%d0%b0%d1%8f-%d0%bc%d0%b5%d0%b1%d0%b5%d0%bb%d1%8c/,ru,Купить офисную мебель в Ташкенте и Узбекистане | Innotek,content\офисная-мебель.md
https://innotek.uz/%d0%bf%d0%b0%d0%bb%d0%bb%d0%b5%d1%82%d0%bd%d1%8b%d0%b5-%d1%81%d1%82%d0%b5%d0%bb%d0%bb%d0%b0%d0%b6%d0%b8/,ru,"Паллетные стеллажи в Ташкенте, Узбекистане — складские стеллажные системы Innotek",content\паллетные-стеллажи.md
https://innotek.uz/%d0%bf%d0%b0%d0%bb%d0%bb%d0%b5%d1%82%d0%be-%d0%bf%d0%be%d0%bb%d0%be%d1%87%d0%bd%d1%8b%d0%b5-%d1%81%d1%82%d0%b5%d0%bb%d0%bb%d0%b0%d0%b6%d0%b8/,ru,"Паллето-полочные стеллажи в Ташкенте, Узбекистане — складские решения Innotek",content\паллето-полочные-стеллажи.md
https://innotek.uz/%d0%bf%d1%80%d0%b8%d1%81%d1%82%d0%b0%d0%b2%d0%bd%d1%8b%d0%b5-%d1%81%d1%82%d0%b5%d0%bb%d0%bb%d0%b0%d0%b6%d0%b8/,ru,"Приставные стеллажи в Ташкенте, Узбекистане — складские системы Innotek",content\приставные-стеллажи.md
https://innotek.uz/%d0%bf%d1%80%d0%be%d0%b8%d0%b7%d0%b2%d0%be%d0%b4%d1%81%d1%82%d0%b2%d0%b5%d0%bd%d0%bd%d1%8b%d0%b5-%d1%81%d0%b1%d0%be%d1%80%d0%be%d1%87%d0%bd%d1%8b%d0%b5-%d0%bb%d0%b8%d0%bd%d0%b8%d0%b8/,ru,Купить производственные сборочные линии в Ташкенте и Узбекистане | Innotek,content\производственные-сборочные-линии.md
https://innotek.uz/%d1%80%d0%be%d0%bb%d0%b8%d0%ba%d0%b8/,ru,Купить ролики в Ташкенте и Узбекистане | Innotek,content\ролики.md
https://innotek.uz/%d1%80%d0%be%d0%bb%d0%b8%d0%ba%d0%be%d0%b2%d1%8b%d0%b5-%d0%ba%d0%be%d0%bd%d0%b2%d0%b5%d0%b9%d0%b5%d1%80%d1%8b/,ru,Купить роликовые конвейеры в Ташкенте и Узбекистане | Innotek,content\роликовые-конвейеры.md
https://innotek.uz/%d1%81%d0%b0%d0%bc%d0%be%d0%bd%d0%b5%d1%81%d1%83%d1%89%d0%b8%d0%b5-%d1%81%d1%82%d0%b5%d0%bb%d0%bb%d0%b0%d0%b6%d0%b8/,ru,"Самонесущие стеллажи в Ташкенте, Узбекистане — складские решения Innotek",content\самонесущие-стеллажи.md
https://innotek.uz/%d1%81%d1%82%d0%b5%d0%bb%d0%bb%d0%b0%d0%b6-%d0%b4%d0%bb%d1%8f-%d0%bf%d1%80%d0%b5%d1%81%d1%81%d1%84%d0%be%d1%80%d0%bc/,ru,"Стеллажи для прессформ в Ташкенте, Узбекистане — промышленные решения Innotek",content\стеллаж-для-прессформ.md
https://innotek.uz/%d1%81%d1%82%d0%be%d0%bb%d1%8b/,ru,Купить столы в Ташкенте и Узбекистане | Innotek,content\столы.md
https://innotek.uz/%d1%81%d1%82%d1%83%d0%bb%d1%8c%d1%8f/,ru,Купить стулья в Ташкенте и Узбекистане | Innotek,content\стулья.md
https://innotek.uz/%d1%82%d0%be%d0%b2%d0%b0%d1%80%d1%8b/,ru,Товары - INNOTEK,content\товары.md
https://innotek.uz/%d1%82%d0%be%d1%80%d0%b3%d0%be%d0%b2%d1%8b%d0%b5-%d1%81%d1%82%d0%b5%d0%bb%d0%bb%d0%b0%d0%b6%d0%b8/,ru,Купить торговые стеллажи в Ташкенте и Узбекистане | Innotek,content\торговые-стеллажи.md
https://innotek.uz/%d1%88%d0%ba%d0%b0%d1%84%d1%8b-%d0%b4%d0%bb%d1%8f-%d0%be%d1%84%d0%b8%d1%81%d0%b0/,ru,Купить шкафы для офиса в Ташкенте и Узбекистане | Innotek,content\шкафы-для-офиса.md
https://innotek.uz/14292-2/,ru,- INNOTEK,content\14292-2.md
https://innotek.uz/2020/11/22/navigating-the-covid-19-crisis-through-servitization/,ru,Navigating the COVID-19 crisis through servitization - INNOTEK,content\2020-11-22-navigating-the-covid-19-crisis-through-servitization.md
https://innotek.uz/2020/11/24/implementing-blockchain-for-supply-chain-traceability/,ru,Implementing Blockchain for Supply Chain Traceability - INNOTEK,content\2020-11-24-implementing-blockchain-for-supply-chain-traceability.md
https://innotek.uz/2020/11/26/supply-chain-4-0-a-new-strategic-management-system/,ru,Supply Chain 4.0: A New Strategic Management System - INNOTEK,content\2020-11-26-supply-chain-4-0-a-new-strategic-management-system.md
https://innotek.uz/2020/11/28/three-secrets-to-beat-performance-anxiety/,ru,Three secrets to Beat Performance Anxiety - INNOTEK,content\2020-11-28-three-secrets-to-beat-performance-anxiety.md
https://innotek.uz/2020/11/30/create-synergy-by-engaging-with-higher-education/,ru,Create Synergy by Engaging With Higher Education - INNOTEK,content\2020-11-30-create-synergy-by-engaging-with-higher-education.md
https://innotek.uz/2020/12/02/managing-disruptions-the-digital-twin-for-supply-chain/,ru,Managing Disruptions: The Digital Twin For Supply Chain - INNOTEK,content\2020-12-02-managing-disruptions-the-digital-twin-for-supply-chain.md
https://innotek.uz/2020/12/04/successfully-driving-the-value-mechanisms-for-digitally/,ru,Successfully driving the value mechanisms for digitally - INNOTEK,content\2020-12-04-successfully-driving-the-value-mechanisms-for-digitally.md
https://innotek.uz/2020/12/06/lean-service-well-operations-with-hr-practices-incorporated/,ru,Lean service well operations with HR practices incorporated - INNOTEK,content\2020-12-06-lean-service-well-operations-with-hr-practices-incorporated.md
https://innotek.uz/2020/12/08/kbr-links-with-lt-for-refinery-and-petrochemical-projects/,ru,KBR links with L&T for refinery and petrochemical projects - INNOTEK,content\2020-12-08-kbr-links-with-lt-for-refinery-and-petrochemical-projects.md
https://innotek.uz/2020/12/10/the-new-celanese-chief-pushes-customer-facing-strategy/,ru,The New Celanese Chief Pushes Customer-Facing Strategy - INNOTEK,content\2020-12-10-the-new-celanese-chief-pushes-customer-facing-strategy.md
https://innotek.uz/about-us-v2/,ru,About Us V.2 - INNOTEK,content\about-us-v2.md
https://innotek.uz/about/,ru,О компании - INNOTEK,content\about.md
https://innotek.uz/author/admin/,ru,"admin, Автор в INNOTEK",content\author-admin.md
https://innotek.uz/blog-full-width/,ru,Blog Full Width - INNOTEK,content\blog-full-width.md
https://innotek.uz/blog-masonry/,ru,Blog Masonry - INNOTEK,content\blog-masonry.md
https://innotek.uz/blog-sidebar/,ru,Blog Sidebar - INNOTEK,content\blog-sidebar.md
https://innotek.uz/careers/,ru,Careers - INNOTEK,content\careers.md
https://innotek.uz/cart/,ru,Cart - INNOTEK,content\cart.md
https://innotek.uz/category/bridge-construction/,ru,Архивы Bridge Construction - INNOTEK,content\category-bridge-construction.md
https://innotek.uz/category/electronic-materials/,ru,Архивы Electronic Materials - INNOTEK,content\category-electronic-materials.md
https://innotek.uz/category/industrial-construction/,ru,Архивы Industrial Construction - INNOTEK,content\category-industrial-construction.md
https://innotek.uz/category/mechanical-engineering/,ru,Архивы Mechanical Engineering - INNOTEK,content\category-mechanical-engineering.md
https://innotek.uz/category/petroleum-and-gas/,ru,Архивы Petroleum and Gas - INNOTEK,content\category-petroleum-and-gas.md
https://innotek.uz/category/power-systems/,ru,Архивы Power Systems - INNOTEK,content\category-power-systems.md
https://innotek.uz/ceo-company/,ru,CEO Company - INNOTEK,content\ceo-company.md
https://innotek.uz/checkout/,ru,Checkout - INNOTEK,content\checkout.md
https://innotek.uz/coming-soon/,ru,Coming Soon - INNOTEK,content\coming-soon.md
https://innotek.uz/company-history/,ru,Company History - INNOTEK,content\company-history.md
https://innotek.uz/contact-us/,ru,Контакты - INNOTEK,content\contact-us.md
https://innotek.uz/gallery/,ru,Gallery - INNOTEK,content\gallery.md
https://innotek.uz/get-in-touch/,ru,Get In Touch - INNOTEK,content\get-in-touch.md
https://innotek.uz/gravitatsionnie-stellaji/,ru,Гравитационный стеллаж | Innotek,content\gravitatsionnie-stellaji.md
https://innotek.uz/help-faqs/,ru,Help & FAQs - INNOTEK,content\help-faqs.md
https://innotek.uz/home-layout-1/,ru,Home Layout 1 - INNOTEK,content\home-layout-1.md
https://innotek.uz/home-layout-2/,ru,Home Layout 2 - INNOTEK,content\home-layout-2.md
https://innotek.uz/home-layout-3/,ru,Home Layout 3 - INNOTEK,content\home-layout-3.md
https://innotek.uz/home-layout-4/,ru,Home Layout 4 - INNOTEK,content\home-layout-4.md
https://innotek.uz/home-layout-6/,ru,Home Layout 6 - INNOTEK,content\home-layout-6.md
https://innotek.uz/landing-page/,ru,Landing Page - INNOTEK,content\landing-page.md
https://innotek.uz/locations/,ru,Locations - INNOTEK,content\locations.md
https://innotek.uz/metalliceskie-stellaji/,ru,Купить металлические стеллажи в Ташкенте — цена на металлический стеллаж | Innotek,content\metalliceskie-stellaji.md
https://innotek.uz/mezonin-stellaj/,ru,Мезонин стеллаж | Innotek,content\mezonin-stellaj.md
https://innotek.uz/my-account/,ru,My account - INNOTEK,content\my-account.md
https://innotek.uz/newsletter/,ru,Newsletter - INNOTEK,content\newsletter.md
https://innotek.uz/ofisnie-stellaji/,ru,Стеллажи для офиса | Innotek,content\ofisnie-stellaji.md
https://innotek.uz/our-process/,ru,Our Process - INNOTEK,content\our-process.md
https://innotek.uz/our-services/,ru,Our Services - INNOTEK,content\our-services.md
https://innotek.uz/our-team/,ru,Our Team - INNOTEK,content\our-team.md
https://innotek.uz/package-and-price/,ru,Package And Price - INNOTEK,content\package-and-price.md
https://innotek.uz/palletnie-stellaji-2/,ru,Паллетные стеллажи | Innotek,content\palletnie-stellaji-2.md
https://innotek.uz/palletnie-stellaji-3/,ru,Паллетные стеллажи | Innotek,content\palletnie-stellaji-3.md
https://innotek.uz/partners-clients/,ru,Partners & Clients - INNOTEK,content\partners-clients.md
https://innotek.uz/perforirovannie-stellaji/,ru,Перфорированный стеллаж в Ташкенте | Innotek,content\perforirovannie-stellaji.md
https://innotek.uz/pristennie-stellaji/,ru,Купить пристенные стеллажи в Ташкенте и Узбекистане | Innotek,content\pristennie-stellaji.md
https://innotek.uz/project-grid-layout-1/,ru,Project Grid Layout 1 - INNOTEK,content\project-grid-layout-1.md
https://innotek.uz/project-grid-layout-2/,ru,Project Grid Layout 2 - INNOTEK,content\project-grid-layout-2.md
https://innotek.uz/project-masonry/,ru,Project Masonry - INNOTEK,content\project-masonry.md
https://innotek.uz/promishlennie-stellaji/,ru,Стеллаж лофт купить | Innotek,content\promishlennie-stellaji.md
https://innotek.uz/service/,ru,Архив Service - INNOTEK,content\service.md
https://innotek.uz/service/chistka-metalla/,ru,Чистка Металла | Компания Innotek,content\service-chistka-metalla.md
https://innotek.uz/service/pokraska-metalla/,ru,Покраска Металла | Компания Innotek,content\service-pokraska-metalla.md
https://innotek.uz/shop/,ru,- INNOTEK,content\shop.md
https://innotek.uz/stellaji-dlya-bibliotek-2/,ru,Стеллажи для библиотеки купить | Innotek,content\stellaji-dlya-bibliotek-2.md
https://innotek.uz/stellaji-dlya-bibliotek/,ru,Стеллажи для библиотеки купить | Innotek,content\stellaji-dlya-bibliotek.md
https://innotek.uz/stellaji-dlya-magazina/,ru,Стеллаж для магазина одежды | Innotek,content\stellaji-dlya-magazina.md
https://innotek.uz/stellaji-dlya-odejdi/,ru,Стеллаж для магазина одежды | Innotek,content\stellaji-dlya-odejdi.md
https://innotek.uz/stellaji-dlya-sklada/,ru,Купить стеллажи для склада в Ташкенте — складские стеллажи цена | Innotek,content\stellaji-dlya-sklada.md
https://innotek.uz/stellaji-dlya-xraneniya/,ru,Стеллаж для хранения | Innotek,content\stellaji-dlya-xraneniya.md
https://innotek.uz/stellaji/,ru,Купить стеллажи в Ташкенте | Innotek,content\stellaji.md
https://innotek.uz/sustainability/,ru,Sustainability - INNOTEK,content\sustainability.md
https://innotek.uz/tag/bridge-construction/,ru,Архивы Bridge Construction - INNOTEK,content\tag-bridge-construction.md
https://innotek.uz/tag/civil-engineering/,ru,Архивы Civil Engineering - INNOTEK,content\tag-civil-engineering.md
https://innotek.uz/tag/fuel-gas/,ru,Архивы Fuel & Gas - INNOTEK,content\tag-fuel-gas.md
https://innotek.uz/tag/power-energy-sector/,ru,Архивы Power & Energy Sector - INNOTEK,content\tag-power-energy-sector.md
https://innotek.uz/tag/suppliers/,ru,Архивы Suppliers - INNOTEK,content\tag-suppliers.md
https://innotek.uz/tag/welding-engineering/,ru,Архивы Welding Engineering - INNOTEK,content\tag-welding-engineering.md
https://innotek.uz/uz/,uz,Toshkentda stelajlar sotib olish | Innotek,content\uz.md
https://innotek.uz/uz/drive-in-nabiv-stelajlar/,uz,Toshkent va O‘zbekistonda drive-in (nabiv) stelajlar — Innotek ombor tizimlari,content\uz-drive-in-nabiv-stelajlar.md
https://innotek.uz/uz/metall-stelajlar/,uz,Toshkentda metall stelajlar sotib olish | Innotek,content\uz-metall-stelajlar.md
https://innotek.uz/uz/pallet-polokali-stelajlar/,uz,Toshkent va O‘zbekistonda pallet-polokali stelajlar — Innotek ombor yechimlari,content\uz-pallet-polokali-stelajlar.md
https://innotek.uz/uz/pallet-stelajlari/,uz,Toshkentda pallet stelajlarini sotib olish | Innotek,content\uz-pallet-stelajlari.md
https://innotek.uz/uz/service/,uz,Архив Service - INNOTEK,content\uz-service.md
https://innotek.uz/uz/service/metallni-boyash-2/,uz,Metallni bo‘yash xizmati Toshkentda | Innotek,content\uz-service-metallni-boyash-2.md
https://innotek.uz/uz/service/metallni-boyash/,uz,Metallni bo‘yash | Innotek kompaniyasi,content\uz-service-metallni-boyash.md
https://innotek.uz/video/,ru,Видео - INNOTEK,content\video.md
